id;name;plates;customertype;lastseen;firstseen;proselesysis;mobile;phone;companyphone;email;notes;address_line_1;address_line_2;city;country
1;SAS;διευκολύνουν Πρακτικό εικονική;BUSINESS;2024-02-24T13:21:52;2024-02-24T17:24:34;../fake-data/blob/hipster.txt;τιμολόγιο δίσκος Ποντίκι;2259 901078;Φρέσκο;.5@gmail.com;../fake-data/blob/hipster.txt;1080p;Μετρήσεις πηγή;Παύλοςshire;Saint Lucia
2;Account επιτυχία Account;στρατηγική Φρέσκο;PRIVATE;2024-02-23T21:51:44;2024-02-23T20:51:46;../fake-data/blob/hipster.txt;Connecticut αντιγραφή εγκατάσταση;2668 561224;Bahamas;76@gmail.com;../fake-data/blob/hipster.txt;κίτρινο επεκτείνει;πρόγραμμα Greenland;East Θεόδωρος;Lithuania
3;Κατεψυγμένο;ανάληψη;OTHER;2024-02-24T05:58:27;2024-02-24T13:09:30;../fake-data/blob/hipster.txt;Κατεψυγμένο;2668 546734;Τρίκαλα πίνακας;_@yahoo.com;../fake-data/blob/hipster.txt;Τραπέζι Account Τραπέζι;Account Πλαστικό;Δαμασκηνόςport;Seychelles
4;Νέα;τιμολόγιο Arkansas hack;OTHER;2024-02-24T13:18:10;2024-02-24T18:07:54;../fake-data/blob/hipster.txt;Ευρώ Ευρώ;2835 667775;compressing ανοιχτή;_72@hotmail.com;../fake-data/blob/hipster.txt;αγκαλιάζουν είσοδος;χρήστες;Αποστόλουhaven;Kazakhstan
5;Κομψό Βιβλία;Sports;OTHER;2024-02-24T09:41:56;2024-02-24T03:42:13;../fake-data/blob/hipster.txt;Κινητικότητα Ευρώ;23130 83253;connecting πράσινο;_@gmail.com;../fake-data/blob/hipster.txt;Εύστοχος Τυρί;Βιβλία;East Αναστάσιος;Cook Islands
6;Απίστευτο;πρόγραμμα Ενισχυμένη;BUSINESS;2024-02-23T18:28:14;2024-02-23T20:27:15;../fake-data/blob/hipster.txt;ασφαλής;2610 221453;Καλαμάτα χρυσό;.@hotmail.com;../fake-data/blob/hipster.txt;Σπίτι Επενδυτής ταχύτητα;Colorado Ευρώ;Odessa;Papua New Guinea
7;Πλαστικό Χειροποίητο Turkmenistan;Φρέσκο Εύρωστο SMS;BUSINESS;2024-02-24T06:03:20;2024-02-24T11:19:24;../fake-data/blob/hipster.txt;Πλαστικό Έδεσσα;2396 439761;Aruba πληρωμή Αγροτικό;.@yahoo.com;../fake-data/blob/hipster.txt;Kyrgyz;Branding Ευρώ;North Άγγελοςbury;Cocos (Keeling) Islands
8;υλικό σύγκλιση Account;Χειροποίητο;PRIVATE;2024-02-24T02:48:22;2024-02-24T08:17:11;../fake-data/blob/hipster.txt;Αντιπρόσωπος Ευρώ;2462 245282;Πελάτης;_@gmail.com;../fake-data/blob/hipster.txt;βελτιστοποιήσουν Maryland Κατεψυγμένο;Εργονομικό αλγόριθμος Επιχείρηση;The Villages;United States of America
9;CSS πυκνωτής Account;Account;PRIVATE;2024-02-24T15:53:09;2024-02-24T02:40:46;../fake-data/blob/hipster.txt;Απίστευτο υποδομές;2464 114976;Web;62@gmail.com;../fake-data/blob/hipster.txt;Προγραμματιστής;Καταθετικός υπολογισμός πίνακας;South Ευστάθιοςhaven;Ghana
10;Account Εσωτερικό Circles;συμπίεση βάση;BUSINESS;2024-02-24T05:10:58;2024-02-24T05:44:28;../fake-data/blob/hipster.txt;Πολυμερής Πλαστικό;23109 19759;Παντελόνι;92@yahoo.com;../fake-data/blob/hipster.txt;Κομψό Συντονιστής;parsing 1080p πυκνωτής;Caguas;Sudan
