id;name;car;notes;phone;tyres;plates;customertype;lastseen;firstseen;proselesysis;mobile;companyphone;email;address_line;city_country
1;1080p Φρέσκο JSON;Σπάρτη κυανό Sports;../fake-data/blob/hipster.txt;2544 023247;δευτερεύων γνωσιακή Maine;Χειροποίητο Τραπέζι Τυρί;BUSINESS;2024-03-03T13:00:29;2024-03-03T12:50:17;../fake-data/blob/hipster.txt;Illinois πληρωμή;μετρήσεις Σαλάτα;23@hotmail.com;programming;Σπάρτη λευκό Κάθετη
2;Ξύλινο Squares;Κύριος;../fake-data/blob/hipster.txt;2555 765687;Πλαστικό Squares;Walk;OTHER;2024-03-04T09:38:22;2024-03-04T03:55:23;../fake-data/blob/hipster.txt;1080p Φανταστικό;Άδεια;95@yahoo.com;Πρακτικό Alabama επιτυχία;Nebraska
3;υλοποίηση;generating Απίστευτο πληρωμή;../fake-data/blob/hipster.txt;2819 526112;δίκτυο North απελευθερώσουν;Παντελόνι;OTHER;2024-03-04T06:33:59;2024-03-04T03:23:41;../fake-data/blob/hipster.txt;French;6η;_53@gmail.com;μεθοδολογίες Καταθετικός κατάθεση;Δανειακός Φρέσκο
4;ενισχύσουν XSS;στρατηγική;../fake-data/blob/hipster.txt;2617 261714;Ταυτότητα Ευρώ Μικρό;Δεδομένα Επόπτης;BUSINESS;2024-03-03T23:43:37;2024-03-03T20:14:58;../fake-data/blob/hipster.txt;Προγραμματιστής Πύργος West;βελτιστοποιήσουν Terrace;34@yahoo.com;Senior πηγή;Μένοντας Ευρώ
5;Αγροτικό αντικειμενοστραφή;programming Freeway;../fake-data/blob/hipster.txt;2345 011533;οπτική;Κινητικότητα;BUSINESS;2024-03-04T09:56:01;2024-03-03T19:47:30;../fake-data/blob/hipster.txt;τον στο;πρόγραμμα;.20@yahoo.com;συνεργούν Αυτοκίνητο;Islands, ροζ Παραγωγός
6;γκρί;Εταιρείες Άργος τιμολόγιο;../fake-data/blob/hipster.txt;2250 551030;κινητό πηγή Ενσωμάτωση;ανοιχτή;BUSINESS;2024-03-04T06:35:04;2024-03-03T17:59:59;../fake-data/blob/hipster.txt;RSS;AI ανάληψη σένσορας;.74@hotmail.com;Account παραδοτέα;Πρέβεζα πρόσβαση
7;Account Κομψό;e-αγορές;../fake-data/blob/hipster.txt;2395 233789;SCSI;Indiana;BUSINESS;2024-03-04T05:15:09;2024-03-04T04:16:21;../fake-data/blob/hipster.txt;Pine IB Εσωτερικό;Παιδί Dominica;.@yahoo.com;bypass;Απίστευτο
8;Ευρώ;Plain μπλε;../fake-data/blob/hipster.txt;2685 602676;Μετρήσεις;Παιχνίδια;BUSINESS;2024-03-03T22:42:37;2024-03-04T00:48:40;../fake-data/blob/hipster.txt;Account;βιολετί Κοσμήματα;6@hotmail.com;πρόσβαση Ευρώ;διάγραμμα
9;αντιγραφή;Ευρώ;../fake-data/blob/hipster.txt;2288 286224;Αλεξανδρούπολη Επικοινωνίες;Παπούτσια οδηγός PNG;PRIVATE;2024-03-04T05:00:15;2024-03-04T01:03:57;../fake-data/blob/hipster.txt;feed γενιάς synthesizing;Παιχνίδια Cliff περιήγηση;9@gmail.com;Αιχμής πυκνωτής Curve;σένσορας up hack
10;Ποδήλατο Account;Επενδυτής;../fake-data/blob/hipster.txt;2427 488075;ασφάλεια βιολετί πρωτογενής;Ωάρι;PRIVATE;2024-03-03T19:45:41;2024-03-04T06:44:45;../fake-data/blob/hipster.txt;TCP Τεχνικός;καλλιεργούν Ευρώ;50@yahoo.com;εμπειρίες Προγραμματιστής;Θεσσαλονίκη generating
