id;order_date;elastika_1;elastika_2;elastika_3;elastika_4;elastika_5;elastika_6;elastika_7;elastika_8;elastika_9;elastika_10;elastika_11;elastika_12;elastika_13
1;2024-03-03T18:05:41;Ευρώ;Illinois Ευρώ Συντονιστής;Ευρώ;Εταιρείες synthesizing Αντίστροφης;Highway Άδεια γενιά;Παραγωγός Michigan Αντίστροφης;Πρακτικό Ξύλινο;Εργονομικό Massachusetts;Ποντίκι Ευρώ;Λουκάνικα;επιταχύνει;Stream 1080p Κόρινθος;οπτική Μέταλο
2;2024-03-04T02:20:36;Εργονομικό τοπικό;navigating SMTP Μηχανικός;υλικό;Επεκτάσιμο Άρτα;φουξια Ασφάλεια Ευρώ;Γάζι Εταιρείες Πλαστικό;Account 1080p;Τεχνικός Τυρί;υποστήρυξη Sports Tunnel;Common Πελάτης;Άδεια λαδί Κοκκώδη;Σπίτι Εσωτερικό;Account Διευθυντής Αυτοκίνητο
3;2024-03-03T13:29:16;καλλιεργούν Φανταστικό Ρουχισμός;τρικουάζ;Prairie πίνακας Ηράκλειο;Πελάτης;Maine σύστημα;Δημιουργική Heights;Προσαρμόσιμα Εφαρμογή;Υπολογιστές τιμολόγιο διευκολύνουν;Βέροια;Κύριος συνεχής;προστιθέμενης Well;Κοσμήματα Τεχνικός Massachusetts;Ωάρι Μικρό Προσαρμόσιμα
4;2024-03-04T07:37:23;πρόγραμμα B2C επανεκκίνηση;καλλιεργούν Σαλάτα Επενδυτής;Μουσική Φανταστικό;Senior Πληκτρολόγιο Λειτουργικότητα;COM;Michigan;Bahrain Μισθοδοσίας;Πλαστικό Λύσεις;εικονική Μπάλα Πλαστικό;Διαμόρφωση hack Υγεία;Χρηστοκεντρικών οπτική διακριτό;Προοδευτική;ψηφιακή παραδώσει HDD
5;2024-03-03T20:11:16;backing Summit Νερά;Ριζική Ιαλυσός;Προοδευτική;Ευρώ;Senior;hacking;Τόνος δράση-αντικείμενα;μεταφορά Επαναστατικό Path;μωβ E-business;Αγροτικό;Ευρώ Square EXE;Σύμβουλος τιμολόγιο Ευρώ;Valleys Προσαρμόσιμα φουξια
6;2024-03-03T14:24:31;πηγή Ηράκλειο;επιτρέψει Ευρώ Πληκτρολόγιο;ασύγχρονο ροζ;up;Square;υβριδικό;Διαφανής generating;υπολογισμός Πουκάμισο μαύρο;συνέργειες Πρακτικό;Φρέσκο Εργαλεία;πρωτοβουλίες πρόγραμμα;περιήγηση Χειροποίητο;κίτρινο
7;2024-03-04T07:22:32;συστήματα Λουκάνικα;επεκτείνει Κύριος;διακριτό υποστήρυξη Μηχανικός;1080p Ευρώ;Ωάρι Άδεια;Ευρώ συνάρτηση Τόνος;Illinois;ανάληψη Μεσολόγγι κάρτα;Κατερίνη Εκπρόσωπος;ανάληψη;Λιβαδειά;Άγιος γκρί;Άργος TCP
8;2024-03-04T00:33:40;αναλυτής Ανθεκτική Μέταλο;Δανειακός;IB;Δικτυωμένες RAM Idaho;Michigan Mongolia;Manors υλοποίηση Άδεια;generating;αντιγραφή σύνδεση κατάθεση;περιήγηση;Timor-Leste;Ξύλινο Senior προσπέραση;Austria;Χειροποίητο Κήπος υποστήρυξη
9;2024-03-04T01:57:59;γκρί ανάληψη;Account Χειροποίητα αγορές;Summit Επιχείρηση;Connecticut κίτρινο;συνάρτηση Lock;Όμιλος Διαμόρφωση;Μάρκετινγκ Ευρώ;Gabon Εσωτερικό Ρουχισμός;HDD;Φρέσκο;Pennsylvania Λογαριασμοί Μέταλο;Φρέσκο Εργονομικό;Παιχνίδια Ευρώ
10;2024-03-04T05:37:45;HTTP Port Οργανωμένες;βιολετί Spur FTP;Montenegro;Εσωτερικό;αξία πράσινο;Χειροποίητα Μέταλο τιμολόγιο;Κομψό υλικό;δίκτυα δράση-αντικείμενα FTP;Χειροποίητο SCSI;Εικονική Εξοχή Εσωτερικό;Κομψό;Παπούτσια μεγαλώνουν Ξύλινο;επεκτείνει Επόπτης μάτια
